Workbook

Sheet Řemen
A1: Zadání | B1: Značky (jednotky) | C1: Hodnota | E1: Legenda
A2: Příkon | B2: P (kW) | C2: 7.5 | E2: Zadáno
A3: Počet směn | B3: td (h) | C3: 16 | E3: Strojnické tabulky
A4: Předběžná vzdálenost os | B4: a1 (mm) | C4: 700 | E4: Výpočet
A5: Otáčky motoru | B5: n1 (ot*s-1) | C5: 48.67
A6: Otáčky hnané řemenice | B6: n2 (ot*s-1) | C6: 12.5
A7: Součinitel smyku | B7: φ | C7: 0.98
A9: 1. Jmenovitého výkonu
A10: Jmenovitý výkon | B10: Pj (kW) | C10: =C2*C11 -> 9
A11: Součinitel dynamičnosti zatížení | B11: Cp | C11: 1.2
A13: 2. Volba typu řemene
A14: Zvolený typ řemene | C14: A
A16: 3. Volba průměru řemenice
A17: Průměr velké řemenice | B17: Dp (mm) | C17: =(C19*C7*C5)/C6 -> 476.966
A18: Tabulkové rozměry
A19: Průměr malé řemenice | B19: dp (mm) | C19: 125
A20: Průměr velké řemenice | B20: Dp (mm) | C20: 500
A22: Úhel sklonu | B22: (°) | C22: 36
A24: 4. Úhel opásání
A25: Úhel opásání | B25: α (°) | C25: =2*DEGREES(ACOS((C20-C19)/(2*C4))) -> 148.92641
A27: 5. Výpočtová délka řemene
A28: Délka řemene | B28: Lp (mm) | C28: =(C4*2*SIN(RADIANS(C25/2)))+((PI()/2)*(C20+C19))+((PI()*(180-C25))/180)*((C20-C19)/2) -> 2432.2779
A29: Tabulková délka řemene | B29: Lt (mm) | C29: 2500
A31: 6. Konečná vzdálenost os
A32: Reálná vzdálenost os | B32: a (mm) | C32: =0.25*((C29-((PI()*(C20+C19))/2)+SQRT(((C29-((PI()*(C20+C19))/2))*(C29-((PI()*(C20+C19))/2)))-8*((C20-C19)/2)*((C20-C19)/2)))) -> 735.2174
A34: 7. Výkon přenášený jedním řemenem
A35: Výkon přenášený jedním řemenem | B35: Pp (kW) | C35: =C37*((C38*C39)/C11) -> 2.74758
A36: Převodový poměr | B36: i | C36: =C5/C6 -> 3.8936
A37: Pj jedním řemenem | B37: P0 (kW) | C37: 3.62
A38: Součinitel úhlu opásání | B38: Cα | C38: 0.92
A39: Součinitel délky řemene | B39: Cl | C39: 0.99
A41: 8. Počet řemenů
A42: Počet řemenů | B42: K | C42: =C2/(C35*C43) -> 2.7296748
A43: Počet řemenů výpočtově | B43: Ck | C43: 1
A44: Zvolený počet řemenů | B44: K | C44: =ROUNDUP(C42, 0) -> 3

Sheet Řemenice
A1: Zadání | B1: Značky (jednotky) | C1: Hodnota | E1: Legenda
A2: 1. Šířka řemenice | E2: Zadáno
A3: Šířka řemenice | B3: M (mm) | C3: =((Řemen!C44-1)*C4)+(2*C5) -> 50 | E3: Strojnické tabulky
A4: Rozměr | B4: e (mm) | C4: 15 | E4: Určeno
A5: Rozměr | B5: f (mm) | C5: 10 | E5: Výpočet
A7: 2. Vnější průměr řemenice
A8: Vnější průměr malé řemenice | B8: de (mm) | C8: =Řemen!C19+(2*C10) -> 131.6
A9: Vnější průměr velké řemenice | B9: De (mm) | C9: =Řemen!C20+(2*C10) -> 506.6
A10: Rozměr | B10: b (mm) | C10: 3.3
A12: 3. Délka náboje řemenice
A13: Délka naboje řemenice | B13: l (mm) | C13: =2*C14 -> 42.69272
A14: Průměr hřídele | B14: dH (mm) | C14: =POWER((16*C17*1000)/(PI()*C16),1/3) -> 21.34636
A15: Reálný průměr hřídele | B15: dr (mm) | C15: 22
A16: Maximální krut | B16: τdk (MPa) | C16: 50
A17: Kroutící moment | B17: Mk (Nm) | C17: =(Řemen!C2*1000)/(2*PI()*C19) -> 95.492966
A18: Vyšší otáčky | B18: nmax (ot*s-1) | C18: =IF(Řemen!C5>Řemen!C6,Řemen!C5,Řemen!C6) -> 48.67
A19: Nižší otáčky | B19: nmin (ot*s-1) | C19: =IF(Řemen!C5<Řemen!C6,Řemen!C5,Řemen!C6) -> 12.5
A21: 4. Výška věnce
A22: Výška věnce | B22: s (mm) | C22: =0.5*(C23+C10) -> 6
A23: Rozměr h | B23: h (mm) | C23: 8.7
A25: 5. Průměr náboje
A26: Průměr náboje | B26: dn (mm) | C26: =(IF(C27="Šedá litina", 2, 1.6))*C14 -> 42.69272
A27: Materiál | C27: Šedá litina
A29: 6. Tloušťka řemene
A30: Šířka těla řemenice | B30: h1 (mm) | C30: =C31 -> 6
A31: Tloušťka řemene | B31: s (mm) | C31: =C22 -> 6
A33: 7. Výpočet pera
A34: Normovaná délka | B34: lp (mm) | C34: 46
A35: Hloubka drážky v hřídeli | B35: t (mm) | C35: 4.7
A36: Hloubka drážky v řemenici | B36: t1 (mm) | C36: 3.3
A37: Šířka | B37: b (mm) | C37: 10
A38: 8. Kontrola výpočtu pera
A39: Síla | B39: F (N) | C39: =(2*C17)/C15 -> 8.6811787
A40: Dovolené napětí pro střih pera | B40: τpds (MPa) | C40: 50
A41: Dovolené napětí na otlačení pera | B41: ppmax (MPa) | C41: 90
A42: Zkouška na střih | B42: τps (MPa) | C42: =IF(D42<C40,"VYHOVUJE","NEVYHOVUJE") -> VYHOVUJE | D42: =C39/(C37*C34) -> 0.018872128
A43: Zkouška na otlačení | B43: pp (MPa) | C43: =IF(D43<C41,"VYHOVUJE","NEVYHOVUJE") -> VYHOVUJE | D43: =C39/(C36*C34) -> 0.057188266
